
{
    "ChildLayer" : [
        "Terrain",
        "Water"
    ],
    "AssetBundleMap" : {
        "SkyWhaleEditor" : "skywhale.editor",
        "SkyWhaleBuilding" : "skywhale.building"
    },
    "CameraPosition" : {
        "x" : 304.669586181641,
        "y" : 44.4664993286133,
        "z" : 198.474273681641
    },
    "CameraRotation" : {
        "x" : 0.048286359757185,
        "y" : -0.385176330804825,
        "z" : 0.0201862677931786,
        "w" : 0.921357810497284
    }
}