
{
    "ChildLayer" : [
        "Terrain",
        "Water"
    ],
    "AssetBundleMap" : {
        "SkyWhaleEditor" : "skywhale.editor"
    },
    "CameraPosition" : {
        "x" : 304.669586181641,
        "y" : 44.4664993286133,
        "z" : 198.474273681641
    },
    "CameraRotation" : {
        "x" : 0.114484317600727,
        "y" : -0.370861560106277,
        "z" : 0.0461193546652794,
        "w" : 0.920449912548065
    }
}